raw/s05_web_share_t01.mov,v2/s05-보호자,web,share,t01,,,,
raw/s06_web_analysis_t01.mov,v2/s06-증명,web,analysis,t01,,,,
raw/s07_web_voucherask_t01.mov,v2/s07-정산,web,voucherask,t01,,,,
raw/s01_web_formfields_t01.mov,v2/s01-접수서류,web,formfields,t01,,,,
raw/s01_web_formfields_t02.mov,v2/s01-접수서류,web,formfields,t02,,,,
raw/s01_web_formfields_t03.mov,v2/s01-접수서류,web,formfields,t03,,,,
raw/s03_phone_request_t01.mov,v2/s03-일정,phone,request,t01,,,,
raw/s03_phone_request_t02.mov,v2/s03-일정,phone,request,t02,,,,
raw/s05_phone_arrive_t01.mov,v2/s05-보호자,phone,arrive,t01,,,,
raw/s05_web_share_t02.mov,v2/s05-보호자,web,share,t02,,,,
raw/s05_phone_arrive_t02.mov,v2/s05-보호자,phone,arrive,t02,,,,
raw/s07_phone_remaining_t01.mov,v2/s07-정산,phone,remaining,t01,,,,
raw/s01_web_formsend_t01.mov,v2/s01-접수서류,web,formsend,t01,,,,
raw/s01_phone_formfill_t01.mov,v2/s01-접수서류,phone,formfill,t01,,,,
raw/s01_web_formreturn_t01.mov,v2/s01-접수서류,web,formreturn,t01,,,,
raw/s06_web_derive_t01.mov,v2/s06-증명,web,derive,t01,,,,
